{
  "name": "Ouroboros Atomic Pipeline v2",
  "description": "Fully integrated Solana + Google Sheets idempotent pipeline with atomic processing",
  "version": "2.0.0",
  "metadata": {
    "created_at": "2024-11-23T00:00:00Z",
    "author": "Ouroboros Automation",
    "status": "production"
  },
  "trigger": {
    "type": "webhook",
    "name": "Solana Bid Events",
    "description": "Receives Solana blockchain events from webhook bridge",
    "fields": {
      "type": "string",
      "program_id": "string",
      "signature": "string",
      "timestamp": "number",
      "slot": "number",
      "deployment_id": "string",
      "bidder": "string",
      "amount": "number",
      "auction": "string"
    }
  },
  "actions": [
    {
      "id": "step_1",
      "type": "code",
      "name": "Atomic Idempotency Processor",
      "description": "Validates event, checks duplicates, manages atomic locks",
      "language": "javascript",
      "code": "const ZapierStorage = require('@zapier/storage');\n\nasync function run(z, bundle) {\n  const event = bundle.cleanedRequest;\n  \n  console.log('[v0] Processing event:', event.type);\n  \n  // Validation\n  if (!event.signature || !event.program_id) {\n    z.console.error('Invalid event: missing signature or program_id');\n    await z.request({\n      method: 'POST',\n      url: process.env.WEBHOOK_ERROR_URL || '',\n      body: { error: 'INVALID_EVENT', event_type: event.type }\n    }).catch(() => null);\n    return { status: 'invalid', reason: 'Missing required fields' };\n  }\n\n  const eventKey = `solana:${event.program_id}:${event.signature}:${event.type}`;\n  const lockKey = `lock:${eventKey}`;\n  \n  // Acquire atomic lock\n  try {\n    const lock = await ZapierStorage.set(\n      lockKey,\n      { locked_at: Date.now(), zap_run_id: bundle.meta.zap_run_id },\n      { ifNotExists: true, ttl: 15 }\n    );\n    \n    if (!lock) {\n      await ZapierStorage.increment('ouroboros:lock_contention');\n      return { status: 'locked', eventKey, reason: 'Event already being processed' };\n    }\n  } catch (e) {\n    z.console.error('Lock acquisition failed:', e.message);\n    return { status: 'error', error: 'Lock acquisition failed' };\n  }\n\n  try {\n    // Check for duplicates\n    const existing = await ZapierStorage.get(eventKey);\n    if (existing && existing.processed_at) {\n      await ZapierStorage.increment('ouroboros:duplicate_events');\n      z.console.log('Duplicate event detected');\n      return { status: 'duplicate', eventKey, existing_timestamp: existing.processed_at };\n    }\n\n    // Store event as processed\n    await ZapierStorage.set(eventKey, {\n      type: event.type,\n      signature: event.signature,\n      program_id: event.program_id,\n      slot: event.slot,\n      timestamp: event.timestamp,\n      deployment_id: event.deployment_id,\n      processed_at: new Date().toISOString(),\n      bidder: event.bidder,\n      amount: event.amount\n    });\n    \n    // Release lock\n    await ZapierStorage.remove(lockKey);\n    \n    return { status: 'processed', eventKey };\n  } catch (e) {\n    z.console.error('Event processing failed:', e.message);\n    await ZapierStorage.increment('ouroboros:processing_errors');\n    return { status: 'error', error: 'Event processing failed' };\n  }\n}"
    }
  ],
  "conditional_actions": [
    {
      "id": "step_2_success",
      "type": "action",
      "condition": "{{step_1.status}} == 'processed'",
      "name": "Write to Google Sheets",
      "service": "google_sheets",
      "action": "create_spreadsheet_row",
      "description": "Appends processed event to Google Sheets",
      "inputs": {
        "spreadsheet_id": "{{env.GOOGLE_SHEETS_ID}}",
        "worksheet_name": "Solana Events",
        "data": {
          "Event Type": "{{step_1.type}}",
          "Signature": "{{step_1.signature}}",
          "Program ID": "{{step_1.program_id}}",
          "Slot": "{{step_1.slot}}",
          "Timestamp": "{{step_1.timestamp}}",
          "Hour": "{{step_1.event_hour}}",
          "Bidder": "{{step_1.bidder}}",
          "Amount (SOL)": "{{step_1.amount}}",
          "Auction": "{{step_1.auction}}",
          "Deployment": "{{step_1.deployment_id}}",
          "Processed": "=NOW()"
        }
      }
    }
  ],
  "error_handlers": [
    {
      "type": "email",
      "condition": "{{step_1.status}} == 'error'",
      "recipient": "{{ env.ALERT_EMAIL }}",
      "subject": "Ouroboros Pipeline Error - {{step_1.type}}",
      "body": "An error occurred processing Solana event:\n\nEvent Type: {{step_1.type}}\nSignature: {{step_1.signature}}\nError: {{step_1.error}}"
    }
  ],
  "storage_schema": {
    "metrics": {
      "ouroboros:processed_events": "counter",
      "ouroboros:duplicate_events": "counter",
      "ouroboros:lock_contention": "counter",
      "ouroboros:bids_placed": "counter",
      "ouroboros:processing_errors": "counter",
      "ouroboros:event_type:*": "counter"
    }
  },
  "deployment": {
    "environment": "production",
    "zapier_app_id": "{{ env.ZAPIER_APP_ID }}",
    "version": "2.0.0"
  }
}
