{"user":{"userId":"546625b5-b133-4880-b297-7ce761613cba","createTime":"2025-11-23T08:25:46.101432+00:00","email":"justicewithinus@gmail.com","profileImage":"users/546625b5-b133-4880-b297-7ce761613cba/ZZoBfHMDbWMB6MV5-profile-picture.webp","givenName":"Jordan","familyName":"Eckstrom","xSubscriptionType":"None","xUserId":"1985281534245642240","xUsername":"eckstromjt1123","emailConfirmed":true,"tosAcceptedVersion":1,"sessionTierId":"2","emailDomain":"gmail.com","grokDb":"shard-4","hasPassword":true,"googleEmail":"eckstromj1123@gmail.com"},"sessions":[{"sessionId":"12caa246-0039-4f13-b63e-11b9ef56b0f6","userId":"546625b5-b133-4880-b297-7ce761613cba","createTime":"2025-11-23T08:25:46.399085+00:00","expirationTime":"2026-07-05T08:25:46.399085+00:00","status":"CONFIRMED","cfMetadata":{"ipAddress":"2600:100e:b329:521:b12f:5f29:bcb8:a498","city":"West Jordan","country":"US","continent":"NA","latitude":40.60967,"longitude":-111.9391,"region":"Utah","regionCode":"UT","postalCode":"84084","timezone":"America/Denver"},"userAgent":"Mozilla/5.0 (iPhone; CPU iPhone OS 18_6_2 like Mac OS X) AppleWebKit/605.1.15 (KHTML, like Gecko) CriOS/142.0.7444.148 Mobile/15E148 Safari/604.1","lastAuthTime":"2025-11-23T08:32:56.577159+00:00","signInMethod":"APPLE_OAUTH2"}],"teams":[],"invitations":[],"api_keys":[],"team_acls":{}}